{"cameraMode":{"drawMode":0,"name":"Shaded","section":"Shading Mode"},"sceneLighting":true,"audioPlay":false,"sceneViewState":{"showFog":true,"showMaterialUpdate":false,"showSkybox":true,"showFlares":true,"showImageEffects":true,"showParticleSystems":true},"in2DMode":false,"pivot":{"x":-34.878604888916019,"y":13.686918258666993,"z":-55.08195114135742},"rotation":{"x":-0.06281685829162598,"y":-0.11888071894645691,"z":0.007537024561315775,"w":-0.9908924102783203},"size":16.808147430419923,"orthographic":false}